OpenTimeUtc,Open,High,Low,Close,TickVolume,Spread
2026-09-11T17:28:39.672+00:00,4367.07,4367.67,4366.91,4367.67,25,0.1
2026-09-11T17:28:45.966+00:00,4368.02,4368.12,4367.62,4367.79,25,0.12
2026-09-11T17:28:52.367+00:00,4367.78,4368.36,4366.44,4366.44,25,0.12
2026-09-11T17:28:58.655+00:00,4366.45,4367.1,4366.39,4367.1,25,0.11
2026-09-11T17:29:05.276+00:00,4366.98,4367.08,4366.06,4366.13,25,0.11
2026-09-11T17:29:11.562+00:00,4366.42,4366.93,4366.22,4366.49,25,0.13
2026-09-11T17:29:17.640+00:00,4366.9,4367.11,4366.48,4366.96,25,0.12
2026-09-11T17:29:23.950+00:00,4366.94,4367.07,4366.49,4366.65,25,0.12
2026-09-11T17:29:30.813+00:00,4366.89,4367.25,4366.53,4367.21,25,0.12
2026-09-11T17:29:36.967+00:00,4367.18,4367.45,4366.7,4366.72,25,0.11
2026-09-11T17:29:43.220+00:00,4366.71,4367.05,4366.71,4366.9,25,0.11
2026-09-11T17:29:49.935+00:00,4366.93,4367.5,4366.74,4366.87,25,0.08
2026-09-11T17:29:56.126+00:00,4366.83,4367.28,4366.7,4367.16,25,0.11
2026-09-11T17:30:03.319+00:00,4367.09,4367.26,4366.19,4366.46,25,0.08
2026-09-11T17:30:09.093+00:00,4366.54,4366.58,4365.49,4365.92,25,0.11
2026-09-11T17:30:15.028+00:00,4365.94,4366.19,4365.39,4366.19,25,0.08
2026-09-11T17:30:21.209+00:00,4366.58,4366.65,4365.6,4365.74,25,0.12
2026-09-11T17:30:28.041+00:00,4365.66,4366.57,4365.64,4366.1,25,0.1
2026-09-11T17:30:34.664+00:00,4366.05,4367.25,4366.05,4367.25,25,0.12
2026-09-11T17:30:41.606+00:00,4366.95,4367.84,4366.95,4367.84,25,0.1
2026-09-11T17:30:48.975+00:00,4367.85,4367.85,4367.11,4367.46,25,0.11
2026-09-11T17:30:56.331+00:00,4367.76,4367.84,4367.4,4367.4,25,0.1
2026-09-11T17:31:03.266+00:00,4367.33,4368.5,4367.33,4368.5,25,0.11
2026-09-11T17:31:10.189+00:00,4368.55,4368.55,4368.16,4368.17,25,0.11
2026-09-11T17:31:17.257+00:00,4368.2,4368.76,4368.19,4368.56,25,0.1
2026-09-11T17:31:24.504+00:00,4368.71,4369.23,4368.38,4369.09,25,0.12
2026-09-11T17:31:33.394+00:00,4369.01,4369.07,4368.35,4368.39,25,0.09
2026-09-11T17:31:40.404+00:00,4368.39,4370.08,4368.39,4370.08,25,0.11
2026-09-11T17:31:47.384+00:00,4370.07,4370.27,4369.51,4369.92,25,0.11
2026-09-11T17:31:54.466+00:00,4369.97,4370.34,4369.63,4369.63,25,0.09
2026-09-11T17:32:04.004+00:00,4369.69,4370.4,4369.69,4370.37,25,0.12
2026-09-11T17:32:12.140+00:00,4370.33,4370.55,4370.02,4370.05,25,0.11
2026-09-11T17:32:18.994+00:00,4370.11,4370.11,4369.91,4370.0,25,0.11
2026-09-11T17:32:28.089+00:00,4370.07,4370.47,4369.98,4369.99,25,0.11
2026-09-11T17:32:35.002+00:00,4370.37,4370.37,4369.98,4369.98,25,0.09
2026-09-11T17:32:44.010+00:00,4369.74,4369.84,4368.57,4368.57,25,0.09
2026-09-11T17:32:50.704+00:00,4368.58,4369.01,4368.06,4368.95,25,0.12
2026-09-11T17:32:59.493+00:00,4368.87,4369.29,4368.5,4369.29,25,0.11
2026-09-11T17:33:08.396+00:00,4368.99,4369.28,4368.76,4368.89,25,0.11
2026-09-11T17:33:16.273+00:00,4368.83,4368.83,4367.97,4368.58,25,0.1
2026-09-11T17:33:23.538+00:00,4368.61,4368.97,4368.46,4368.95,25,0.11
2026-09-11T17:33:31.740+00:00,4368.84,4368.95,4368.31,4368.69,25,0.11
2026-09-11T17:33:38.251+00:00,4368.67,4368.91,4368.37,4368.69,25,0.1
2026-09-11T17:33:46.529+00:00,4368.45,4369.27,4368.31,4368.95,25,0.11
2026-09-11T17:33:54.196+00:00,4368.93,4369.02,4368.45,4368.57,25,0.11
2026-09-11T17:34:02.390+00:00,4368.6,4369.16,4368.6,4368.87,25,0.11
2026-09-11T17:34:10.984+00:00,4368.84,4369.21,4368.76,4369.2,25,0.11
2026-09-11T17:34:20.416+00:00,4369.21,4369.44,4368.95,4369.43,25,0.1
2026-09-11T17:34:28.288+00:00,4369.26,4369.39,4369.04,4369.11,25,0.08
2026-09-11T17:34:36.633+00:00,4369.14,4369.45,4368.87,4369.18,25,0.09
2026-09-11T17:34:43.506+00:00,4369.18,4369.41,4368.89,4369.41,25,0.08
2026-09-11T17:34:51.904+00:00,4369.4,4369.49,4368.84,4369.37,25,0.08
2026-09-11T17:35:01.428+00:00,4369.36,4369.6,4369.13,4369.19,25,0.08
2026-09-11T17:35:08.413+00:00,4369.14,4369.18,4368.63,4368.63,25,0.08
2026-09-11T17:35:17.067+00:00,4368.62,4369.2,4368.62,4368.89,25,0.08
2026-09-11T17:35:25.842+00:00,4368.88,4369.49,4368.78,4369.49,25,0.08
2026-09-11T17:35:35.978+00:00,4369.56,4369.64,4369.35,4369.44,25,0.1
2026-09-11T17:35:43.765+00:00,4369.62,4369.7,4368.95,4369.15,25,0.08
2026-09-11T17:35:51.117+00:00,4369.14,4369.18,4368.4,4368.6,25,0.09
2026-09-11T17:35:58.943+00:00,4368.3,4368.72,4368.3,4368.68,25,0.1
2026-09-11T17:36:06.933+00:00,4368.7,4369.42,4368.61,4369.21,25,0.11
2026-09-11T17:36:16.893+00:00,4369.13,4369.51,4368.95,4369.2,25,0.08
2026-09-11T17:36:24.738+00:00,4369.19,4369.19,4368.76,4369.16,25,0.1
2026-09-11T17:36:33.790+00:00,4369.23,4369.36,4368.72,4368.72,25,0.09
2026-09-11T17:36:41.928+00:00,4368.79,4368.86,4366.93,4367.51,25,0.12
2026-09-11T17:36:48.624+00:00,4367.51,4368.05,4367.18,4368.02,25,0.11
2026-09-11T17:36:56.443+00:00,4368.13,4368.15,4367.53,4367.58,25,0.11
2026-09-11T17:37:05.724+00:00,4367.9,4367.91,4367.32,4367.76,25,0.11
2026-09-11T17:37:14.468+00:00,4367.76,4367.79,4367.3,4367.41,25,0.11
2026-09-11T17:37:23.376+00:00,4367.37,4367.64,4367.16,4367.29,25,0.12
2026-09-11T17:37:30.646+00:00,4367.2,4367.49,4366.86,4367.09,25,0.1
2026-09-11T17:37:41.228+00:00,4366.83,4367.06,4366.45,4366.75,25,0.12
2026-09-11T17:37:50.259+00:00,4366.78,4366.78,4365.86,4365.87,25,0.1
2026-09-11T17:37:57.959+00:00,4365.83,4365.86,4365.4,4365.66,25,0.1
2026-09-11T17:38:05.184+00:00,4365.66,4365.69,4365.22,4365.35,25,0.1
2026-09-11T17:38:12.209+00:00,4365.39,4365.39,4364.94,4364.96,25,0.09
2026-09-11T17:38:20.659+00:00,4364.98,4365.09,4364.49,4364.69,25,0.09
2026-09-11T17:38:29.117+00:00,4364.85,4364.85,4364.27,4364.49,25,0.09
2026-09-11T17:38:36.203+00:00,4364.49,4364.51,4363.51,4363.6,25,0.08
2026-09-11T17:38:44.339+00:00,4363.31,4363.61,4363.22,4363.6,25,0.09
2026-09-11T17:38:51.526+00:00,4363.61,4363.67,4362.92,4363.12,25,0.08
2026-09-11T17:38:58.736+00:00,4363.11,4363.58,4363.07,4363.12,25,0.1
2026-09-11T17:39:05.739+00:00,4363.21,4363.39,4362.53,4362.56,25,0.1
2026-09-11T17:39:11.974+00:00,4362.66,4363.01,4362.66,4363.0,25,0.1
2026-09-11T17:39:19.745+00:00,4362.91,4362.91,4362.5,4362.52,25,0.1
2026-09-11T17:39:26.359+00:00,4362.51,4362.66,4362.12,4362.66,25,0.08
2026-09-11T17:39:33.960+00:00,4362.66,4362.97,4362.59,4362.59,25,0.1
2026-09-11T17:39:41.671+00:00,4362.57,4362.98,4362.44,4362.85,25,0.08
2026-09-11T17:39:50.057+00:00,4362.83,4362.83,4362.37,4362.73,25,0.08
2026-09-11T17:39:57.620+00:00,4362.92,4362.92,4362.12,4362.72,25,0.09
2026-09-11T17:40:05.296+00:00,4362.71,4363.13,4362.67,4363.06,25,0.08
2026-09-11T17:40:13.619+00:00,4363.07,4363.58,4363.07,4363.2,25,0.11
2026-09-11T17:40:20.137+00:00,4363.19,4363.69,4363.08,4363.45,25,0.12
2026-09-11T17:40:27.542+00:00,4363.07,4363.49,4362.92,4363.11,25,0.11
2026-09-11T17:40:34.347+00:00,4363.14,4363.69,4362.81,4362.88,25,0.11
2026-09-11T17:40:44.266+00:00,4362.79,4363.0,4362.73,4363.0,25,0.12
2026-09-11T17:40:53.131+00:00,4363.42,4363.58,4362.51,4362.84,25,0.11
2026-09-11T17:41:00.486+00:00,4362.79,4362.79,4361.61,4361.61,25,0.11
2026-09-11T17:41:07.584+00:00,4361.71,4361.95,4361.55,4361.55,25,0.13
2026-09-11T17:41:13.923+00:00,4361.47,4362.91,4361.47,4362.44,25,0.1
2026-09-11T17:41:21.310+00:00,4362.35,4362.35,4360.78,4360.82,25,0.14
2026-09-11T17:41:28.186+00:00,4360.86,4361.38,4360.77,4361.38,25,0.1
2026-09-11T17:41:34.817+00:00,4361.07,4361.85,4360.94,4361.85,25,0.12
2026-09-11T17:41:42.940+00:00,4361.86,4362.07,4361.2,4361.21,25,0.11
2026-09-11T17:41:50.538+00:00,4361.32,4361.42,4360.79,4361.11,25,0.09
2026-09-11T17:41:58.021+00:00,4361.14,4361.37,4360.17,4360.17,25,0.09
2026-09-11T17:42:05.311+00:00,4360.08,4360.58,4360.01,4360.42,25,0.09
2026-09-11T17:42:11.610+00:00,4360.4,4360.45,4360.09,4360.25,25,0.1
2026-09-11T17:42:19.060+00:00,4360.2,4361.06,4360.17,4360.64,25,0.13
2026-09-11T17:42:25.944+00:00,4360.71,4361.19,4360.71,4360.91,25,0.1
2026-09-11T17:42:32.930+00:00,4361.02,4361.38,4360.87,4361.05,25,0.09
2026-09-11T17:42:39.524+00:00,4361.04,4361.32,4360.76,4361.05,25,0.08
2026-09-11T17:42:47.249+00:00,4361.07,4361.49,4360.97,4361.37,25,0.08
2026-09-11T17:42:54.599+00:00,4361.36,4361.59,4361.13,4361.55,25,0.11
2026-09-11T17:43:00.865+00:00,4361.55,4361.74,4361.42,4361.69,25,0.1
2026-09-11T17:43:08.805+00:00,4361.54,4361.83,4361.31,4361.37,25,0.1
2026-09-11T17:43:15.943+00:00,4361.37,4361.78,4361.37,4361.52,25,0.08
2026-09-11T17:43:22.796+00:00,4361.57,4361.91,4361.56,4361.9,25,0.08
2026-09-11T17:43:31.716+00:00,4361.9,4362.11,4361.65,4361.74,25,0.1
2026-09-11T17:43:40.110+00:00,4361.57,4362.62,4361.46,4362.62,25,0.08
2026-09-11T17:43:48.059+00:00,4362.56,4362.59,4362.0,4362.02,25,0.1
2026-09-11T17:43:54.844+00:00,4362.01,4362.2,4361.65,4361.83,25,0.08
2026-09-11T17:44:01.395+00:00,4361.49,4361.85,4361.43,4361.43,25,0.08
2026-09-11T17:44:08.318+00:00,4361.34,4361.97,4361.34,4361.97,25,0.08
2026-09-11T17:44:15.936+00:00,4362.04,4362.54,4361.58,4362.28,25,0.08
2026-09-11T17:44:23.061+00:00,4362.29,4363.79,4362.15,4363.17,25,0.11
2026-09-11T17:44:30.168+00:00,4363.22,4363.22,4362.52,4362.92,25,0.08
2026-09-11T17:44:37.342+00:00,4362.98,4363.01,4362.52,4363.01,25,0.1
2026-09-11T17:44:44.271+00:00,4363.02,4363.02,4361.94,4362.05,25,0.12
2026-09-11T17:44:51.820+00:00,4362.06,4362.5,4361.89,4362.23,25,0.09
2026-09-11T17:45:00.820+00:00,4361.95,4361.99,4361.27,4361.28,25,0.08
2026-09-11T17:45:07.177+00:00,4361.31,4361.51,4361.09,4361.37,25,0.09
2026-09-11T17:45:14.722+00:00,4361.59,4361.78,4361.37,4361.73,25,0.12
2026-09-11T17:45:21.352+00:00,4361.4,4361.4,4360.65,4360.71,25,0.08
2026-09-11T17:45:27.053+00:00,4360.63,4361.02,4360.35,4360.41,25,0.11
2026-09-11T17:45:33.428+00:00,4360.48,4360.96,4360.48,4360.92,25,0.08
2026-09-11T17:45:40.150+00:00,4361.05,4361.9,4360.75,4361.9,25,0.08
2026-09-11T17:45:47.605+00:00,4361.85,4361.88,4361.06,4361.17,25,0.12
2026-09-11T17:45:54.079+00:00,4361.06,4361.19,4360.52,4360.6,25,0.09
2026-09-11T17:46:01.922+00:00,4360.42,4360.61,4359.93,4359.93,25,0.11
2026-09-11T17:46:07.851+00:00,4359.93,4360.44,4359.61,4360.44,25,0.1
2026-09-11T17:46:14.246+00:00,4360.45,4361.02,4360.11,4361.02,25,0.12
2026-09-11T17:46:21.770+00:00,4360.78,4361.22,4360.61,4361.22,25,0.1
2026-09-11T17:46:29.690+00:00,4361.23,4361.28,4360.65,4360.94,25,0.08
2026-09-11T17:46:37.575+00:00,4360.86,4361.17,4360.51,4360.59,25,0.08
2026-09-11T17:46:44.172+00:00,4360.64,4360.64,4359.76,4359.86,25,0.08
2026-09-11T17:46:50.977+00:00,4359.89,4360.2,4359.77,4360.01,25,0.08
2026-09-11T17:46:58.190+00:00,4359.97,4360.01,4359.32,4359.36,25,0.08
2026-09-11T17:47:06.145+00:00,4359.35,4359.79,4359.26,4359.74,25,0.1
2026-09-11T17:47:12.598+00:00,4359.43,4359.71,4359.26,4359.31,25,0.08
2026-09-11T17:47:20.141+00:00,4359.32,4359.64,4359.25,4359.64,25,0.08
2026-09-11T17:47:27.868+00:00,4359.67,4360.61,4359.58,4360.52,25,0.1
2026-09-11T17:47:35.933+00:00,4360.55,4360.8,4360.12,4360.26,25,0.08
2026-09-11T17:47:42.990+00:00,4360.25,4360.59,4360.05,4360.58,25,0.09
2026-09-11T17:47:50.142+00:00,4360.57,4360.57,4359.92,4360.11,25,0.09
2026-09-11T17:47:57.469+00:00,4360.3,4360.47,4359.92,4360.4,25,0.09
2026-09-11T17:48:04.279+00:00,4360.45,4360.55,4360.16,4360.36,25,0.09
2026-09-11T17:48:11.807+00:00,4360.39,4360.68,4360.14,4360.43,25,0.1
2026-09-11T17:48:18.344+00:00,4360.12,4360.12,4359.66,4359.91,25,0.08
2026-09-11T17:48:24.958+00:00,4360.05,4360.34,4359.97,4360.34,25,0.11
2026-09-11T17:48:31.734+00:00,4360.42,4360.44,4359.91,4360.02,25,0.1
2026-09-11T17:48:38.981+00:00,4360.04,4360.48,4359.9,4360.31,25,0.08
2026-09-11T17:48:45.342+00:00,4360.26,4360.72,4360.22,4360.57,25,0.08
2026-09-11T17:48:52.950+00:00,4360.76,4360.88,4360.49,4360.66,25,0.08
2026-09-11T17:48:59.844+00:00,4360.63,4361.68,4359.98,4361.49,25,0.09
2026-09-11T17:49:06.380+00:00,4362.26,4362.48,4361.99,4362.16,25,0.1
2026-09-11T17:49:13.900+00:00,4362.11,4362.24,4361.84,4361.88,25,0.09
2026-09-11T17:49:21.128+00:00,4361.89,4361.99,4361.36,4361.36,25,0.11
2026-09-11T17:49:28.143+00:00,4361.33,4361.99,4361.21,4361.68,25,0.09
2026-09-11T17:49:35.547+00:00,4361.67,4362.19,4361.56,4361.97,25,0.12
2026-09-11T17:49:42.331+00:00,4361.96,4362.3,4361.91,4362.23,25,0.09
2026-09-11T17:49:48.395+00:00,4362.27,4362.3,4361.65,4361.72,25,0.11
2026-09-11T17:49:55.232+00:00,4361.66,4361.84,4361.47,4361.84,25,0.08
2026-09-11T17:50:02.252+00:00,4361.8,4361.96,4360.97,4360.98,25,0.1
2026-09-11T17:50:09.336+00:00,4361.17,4361.68,4360.97,4361.68,25,0.08
2026-09-11T17:50:15.212+00:00,4361.75,4361.82,4361.22,4361.25,25,0.13
2026-09-11T17:50:22.000+00:00,4361.2,4361.52,4361.02,4361.27,25,0.09
2026-09-11T17:50:30.364+00:00,4361.09,4361.56,4361.05,4361.53,25,0.11
2026-09-11T17:50:36.866+00:00,4361.3,4361.81,4361.3,4361.37,25,0.11
2026-09-11T17:50:44.306+00:00,4361.36,4361.69,4361.26,4361.39,25,0.09
2026-09-11T17:50:51.489+00:00,4361.14,4361.69,4361.14,4361.56,25,0.08
2026-09-11T17:51:00.060+00:00,4361.47,4361.74,4361.38,4361.74,25,0.09
2026-09-11T17:51:07.380+00:00,4361.94,4362.06,4361.11,4361.11,25,0.1
2026-09-11T17:51:15.381+00:00,4361.06,4361.33,4360.84,4361.24,25,0.08
2026-09-11T17:51:22.064+00:00,4361.37,4361.37,4361.16,4361.33,25,0.08
2026-09-11T17:51:30.623+00:00,4361.34,4362.1,4361.25,4362.1,25,0.08
2026-09-11T17:51:40.169+00:00,4361.85,4362.2,4361.73,4361.98,25,0.09
2026-09-11T17:51:48.680+00:00,4362.03,4362.61,4361.96,4362.61,25,0.08
2026-09-11T17:51:56.698+00:00,4362.63,4363.37,4362.33,4363.2,25,0.08
2026-09-11T17:52:04.507+00:00,4363.17,4363.32,4363.0,4363.07,25,0.09
2026-09-11T17:52:11.581+00:00,4362.93,4363.35,4362.71,4362.73,25,0.1
2026-09-11T17:52:19.548+00:00,4362.76,4362.79,4362.28,4362.35,25,0.08
2026-09-11T17:52:26.559+00:00,4362.08,4362.31,4361.78,4361.78,25,0.09
2026-09-11T17:52:33.642+00:00,4361.76,4362.41,4361.74,4362.01,25,0.13
2026-09-11T17:52:40.730+00:00,4362.26,4362.49,4361.89,4362.16,25,0.08
2026-09-11T17:52:48.091+00:00,4362.18,4362.92,4362.1,4362.79,25,0.09
2026-09-11T17:52:54.992+00:00,4362.8,4363.62,4362.8,4363.33,25,0.08
2026-09-11T17:53:03.219+00:00,4363.34,4363.63,4363.17,4363.43,25,0.08
2026-09-11T17:53:13.109+00:00,4363.39,4363.75,4363.39,4363.51,25,0.09
2026-09-11T17:53:20.230+00:00,4363.53,4363.87,4363.3,4363.3,25,0.09
2026-09-11T17:53:27.915+00:00,4363.29,4363.46,4362.98,4363.46,25,0.09
2026-09-11T17:53:34.682+00:00,4363.49,4363.55,4362.67,4362.7,25,0.09
2026-09-11T17:53:41.848+00:00,4362.68,4363.43,4362.68,4363.02,25,0.1
2026-09-11T17:53:50.495+00:00,4363.08,4363.09,4362.57,4362.66,25,0.1
2026-09-11T17:53:58.673+00:00,4362.69,4363.1,4362.57,4362.74,25,0.09
2026-09-11T17:54:06.216+00:00,4362.89,4363.11,4362.59,4363.11,25,0.09
2026-09-11T17:54:14.493+00:00,4363.06,4363.06,4362.6,4362.63,25,0.08
2026-09-11T17:54:25.031+00:00,4362.58,4362.82,4362.22,4362.57,25,0.1
2026-09-11T17:54:33.729+00:00,4362.6,4362.87,4362.6,4362.75,25,0.08
2026-09-11T17:54:40.844+00:00,4362.84,4363.17,4362.64,4362.89,25,0.1
2026-09-11T17:54:50.678+00:00,4362.99,4363.11,4362.55,4362.66,25,0.09
2026-09-11T17:55:00.582+00:00,4362.67,4362.96,4362.38,4362.38,25,0.08
2026-09-11T17:55:07.828+00:00,4362.43,4363.07,4362.31,4362.7,25,0.08
2026-09-11T17:55:14.544+00:00,4362.67,4362.87,4361.6,4361.71,25,0.12
2026-09-11T17:55:21.886+00:00,4361.81,4362.25,4361.73,4361.9,25,0.13
2026-09-11T17:55:29.932+00:00,4361.89,4361.91,4361.52,4361.52,25,0.1
2026-09-11T17:55:37.272+00:00,4361.78,4361.78,4360.85,4361.33,25,0.1
2026-09-11T17:55:43.902+00:00,4361.3,4361.3,4360.67,4361.18,25,0.1
2026-09-11T17:55:52.799+00:00,4361.19,4361.34,4360.78,4361.12,25,0.11
2026-09-11T17:56:00.410+00:00,4361.17,4361.17,4360.85,4361.08,25,0.08
2026-09-11T17:56:07.730+00:00,4361.0,4361.02,4360.04,4360.38,25,0.11
2026-09-11T17:56:14.818+00:00,4360.36,4360.64,4360.16,4360.38,25,0.09
2026-09-11T17:56:22.144+00:00,4360.24,4360.35,4360.09,4360.25,25,0.12
2026-09-11T17:56:29.992+00:00,4360.34,4360.34,4359.66,4359.82,25,0.1
2026-09-11T17:56:37.125+00:00,4359.72,4360.21,4359.65,4359.78,25,0.11
2026-09-11T17:56:44.941+00:00,4359.71,4360.07,4359.41,4359.49,25,0.1
2026-09-11T17:56:52.103+00:00,4359.49,4359.97,4359.49,4359.92,25,0.09
2026-09-11T17:56:59.857+00:00,4359.81,4359.87,4359.44,4359.51,25,0.08
2026-09-11T17:57:07.420+00:00,4359.53,4359.53,4359.03,4359.13,25,0.08
2026-09-11T17:57:14.976+00:00,4359.11,4359.22,4358.89,4359.1,25,0.09
2026-09-11T17:57:22.820+00:00,4359.06,4359.36,4359.01,4359.36,25,0.1
2026-09-11T17:57:30.877+00:00,4359.29,4359.44,4359.08,4359.33,25,0.1
2026-09-11T17:57:40.024+00:00,4359.27,4359.36,4358.98,4358.98,25,0.09
2026-09-11T17:57:48.823+00:00,4358.99,4359.29,4358.65,4359.29,25,0.08
2026-09-11T17:57:56.395+00:00,4359.24,4359.3,4358.63,4358.83,25,0.08
2026-09-11T17:58:03.176+00:00,4358.85,4359.18,4358.8,4358.91,25,0.08
2026-09-11T17:58:10.677+00:00,4358.85,4359.11,4358.8,4358.92,25,0.08
2026-09-11T17:58:22.953+00:00,4358.93,4359.06,4358.66,4358.98,25,0.08
2026-09-11T17:58:36.605+00:00,4359.03,4359.08,4358.67,4358.91,25,0.09
2026-09-11T17:58:45.008+00:00,4358.95,4358.96,4358.1,4358.1,25,0.08
2026-09-11T17:58:52.559+00:00,4358.18,4358.23,4357.87,4358.1,25,0.09
2026-09-11T17:59:00.900+00:00,4358.19,4358.19,4357.87,4357.88,25,0.08
2026-09-11T17:59:08.563+00:00,4357.94,4358.84,4357.88,4358.42,25,0.09
2026-09-11T17:59:15.985+00:00,4358.56,4358.65,4358.18,4358.18,25,0.08
2026-09-11T17:59:24.274+00:00,4358.17,4358.43,4358.07,4358.43,25,0.08
2026-09-11T17:59:32.727+00:00,4358.45,4358.82,4358.07,4358.1,25,0.08
2026-09-11T17:59:42.967+00:00,4358.0,4358.54,4357.98,4358.53,25,0.08
2026-09-11T17:59:50.924+00:00,4358.26,4358.59,4358.26,4358.59,25,0.08
2026-09-11T17:59:59.538+00:00,4358.57,4358.6,4358.09,4358.25,25,0.08
2026-09-11T18:00:07.678+00:00,4358.21,4358.29,4357.92,4358.07,25,0.08
2026-09-11T18:00:16.573+00:00,4358.03,4358.71,4357.87,4358.71,25,0.09
2026-09-11T18:00:24.810+00:00,4358.66,4359.51,4358.45,4359.5,25,0.12
2026-09-11T18:00:31.093+00:00,4359.51,4359.51,4358.12,4358.49,25,0.13
2026-09-11T18:00:38.640+00:00,4358.49,4358.54,4357.27,4357.39,25,0.11
2026-09-11T18:00:46.412+00:00,4357.32,4358.62,4357.31,4358.62,25,0.09
2026-09-11T18:00:53.381+00:00,4358.61,4358.61,4357.54,4357.64,25,0.12
2026-09-11T18:01:00.462+00:00,4357.64,4357.64,4357.18,4357.2,25,0.09
2026-09-11T18:01:07.396+00:00,4357.18,4357.92,4357.16,4357.46,25,0.11
2026-09-11T18:01:14.393+00:00,4357.48,4358.12,4357.44,4357.44,25,0.11
2026-09-11T18:01:22.580+00:00,4357.4,4357.8,4357.4,4357.71,25,0.1
2026-09-11T18:01:30.650+00:00,4357.81,4357.93,4357.49,4357.87,25,0.11
2026-09-11T18:01:38.050+00:00,4357.86,4358.28,4357.52,4357.54,25,0.08
2026-09-11T18:01:46.449+00:00,4357.42,4358.14,4357.42,4357.86,25,0.1
2026-09-11T18:01:53.323+00:00,4357.74,4358.21,4357.7,4357.95,25,0.09
2026-09-11T18:02:00.994+00:00,4357.8,4358.78,4357.8,4358.74,25,0.13
2026-09-11T18:02:08.030+00:00,4358.63,4358.63,4357.92,4358.24,25,0.11
2026-09-11T18:02:14.445+00:00,4358.35,4358.81,4358.22,4358.51,25,0.13
2026-09-11T18:02:22.534+00:00,4358.52,4359.04,4358.29,4358.37,25,0.1
2026-09-11T18:02:29.633+00:00,4358.5,4359.02,4358.34,4358.56,25,0.09
2026-09-11T18:02:36.262+00:00,4358.47,4359.13,4358.24,4358.69,25,0.13
2026-09-11T18:02:42.923+00:00,4358.8,4359.01,4358.44,4358.46,25,0.09
2026-09-11T18:02:49.817+00:00,4358.67,4359.44,4358.67,4359.44,25,0.12
2026-09-11T18:02:57.041+00:00,4359.54,4359.7,4359.12,4359.15,25,0.11
2026-09-11T18:03:04.026+00:00,4359.17,4359.19,4358.58,4359.08,25,0.09
2026-09-11T18:03:11.582+00:00,4359.39,4359.53,4358.82,4359.53,25,0.08
2026-09-11T18:03:20.191+00:00,4359.58,4359.68,4359.27,4359.4,25,0.1
2026-09-11T18:03:27.838+00:00,4359.36,4359.64,4359.1,4359.1,25,0.09
2026-09-11T18:03:36.277+00:00,4359.34,4359.46,4358.79,4358.84,25,0.08
2026-09-11T18:03:45.818+00:00,4358.83,4359.32,4358.83,4359.32,25,0.08
2026-09-11T18:03:53.887+00:00,4359.33,4359.69,4359.01,4359.69,25,0.11
2026-09-11T18:04:04.483+00:00,4359.71,4359.71,4358.8,4358.8,25,0.11
2026-09-11T18:04:11.932+00:00,4358.86,4359.36,4358.69,4358.8,25,0.1
2026-09-11T18:04:19.504+00:00,4358.84,4359.01,4358.58,4358.78,25,0.13
2026-09-11T18:04:28.621+00:00,4358.99,4359.35,4358.76,4359.21,25,0.11
2026-09-11T18:04:38.411+00:00,4359.22,4359.24,4358.7,4358.78,25,0.08
2026-09-11T18:04:46.974+00:00,4358.74,4359.52,4358.69,4359.5,25,0.12
2026-09-11T18:04:55.307+00:00,4359.51,4360.07,4359.34,4359.34,25,0.11
2026-09-11T18:05:03.613+00:00,4359.43,4359.96,4359.32,4359.9,25,0.1
2026-09-11T18:05:11.981+00:00,4359.89,4360.17,4359.69,4359.82,25,0.09
2026-09-11T18:05:20.264+00:00,4359.82,4359.82,4358.8,4359.11,25,0.11
2026-09-11T18:05:26.856+00:00,4359.12,4359.12,4358.0,4358.41,25,0.09
2026-09-11T18:05:34.588+00:00,4358.34,4358.39,4357.62,4357.97,25,0.12
2026-09-11T18:05:40.753+00:00,4357.98,4358.27,4357.49,4357.57,25,0.09
2026-09-11T18:05:47.984+00:00,4357.49,4358.24,4357.49,4357.79,25,0.09
2026-09-11T18:05:55.591+00:00,4357.73,4358.67,4357.73,4358.45,25,0.08
2026-09-11T18:06:02.133+00:00,4358.44,4358.76,4358.22,4358.23,25,0.12
2026-09-11T18:06:09.721+00:00,4358.25,4358.83,4358.16,4358.81,25,0.13
2026-09-11T18:06:17.725+00:00,4358.82,4358.85,4357.7,4358.07,25,0.09
2026-09-11T18:06:23.970+00:00,4358.21,4358.21,4357.57,4357.74,25,0.12
2026-09-11T18:06:32.377+00:00,4357.71,4357.97,4357.56,4357.63,25,0.11
2026-09-11T18:06:40.931+00:00,4357.64,4358.0,4357.37,4357.37,25,0.12
2026-09-11T18:06:48.881+00:00,4357.46,4357.78,4357.37,4357.42,25,0.09
2026-09-11T18:06:57.908+00:00,4357.51,4357.93,4357.18,4357.18,25,0.1
2026-09-11T18:07:05.079+00:00,4357.23,4357.55,4356.94,4357.22,25,0.1
2026-09-11T18:07:12.723+00:00,4357.22,4357.33,4356.64,4356.86,25,0.12
2026-09-11T18:07:19.384+00:00,4356.91,4356.92,4356.55,4356.83,25,0.08
2026-09-11T18:07:26.867+00:00,4356.69,4356.84,4356.48,4356.51,25,0.08
2026-09-11T18:07:34.443+00:00,4356.48,4357.06,4356.46,4356.92,25,0.1
2026-09-11T18:07:41.209+00:00,4356.83,4356.84,4356.29,4356.36,25,0.09
2026-09-11T18:07:48.620+00:00,4356.44,4356.59,4356.17,4356.37,25,0.1
2026-09-11T18:07:56.701+00:00,4356.36,4356.68,4356.04,4356.04,25,0.11
2026-09-11T18:08:03.540+00:00,4355.97,4356.49,4355.89,4356.49,25,0.08
2026-09-11T18:08:10.563+00:00,4356.49,4356.66,4355.68,4355.84,25,0.1
2026-09-11T18:08:18.180+00:00,4355.72,4355.72,4355.29,4355.72,25,0.08
2026-09-11T18:08:25.199+00:00,4355.71,4355.88,4355.35,4355.52,25,0.08
2026-09-11T18:08:32.471+00:00,4355.51,4355.62,4355.31,4355.61,25,0.09
2026-09-11T18:08:41.946+00:00,4355.59,4355.66,4355.26,4355.66,25,0.08
2026-09-11T18:08:49.547+00:00,4355.69,4355.71,4355.39,4355.44,25,0.09
2026-09-11T18:08:57.151+00:00,4355.46,4355.69,4355.42,4355.69,25,0.08
2026-09-11T18:09:04.432+00:00,4355.4,4356.15,4355.4,4356.14,25,0.08
2026-09-11T18:09:12.381+00:00,4356.11,4356.46,4355.8,4356.46,25,0.08
2026-09-11T18:09:20.941+00:00,4356.48,4356.48,4356.01,4356.24,25,0.1
2026-09-11T18:09:30.342+00:00,4356.06,4356.06,4354.3,4354.67,25,0.12
2026-09-11T18:09:38.299+00:00,4354.7,4354.84,4354.16,4354.29,25,0.09
2026-09-11T18:09:46.722+00:00,4354.5,4354.5,4354.06,4354.1,25,0.11
2026-09-11T18:09:54.150+00:00,4353.93,4354.23,4353.66,4353.75,25,0.12
2026-09-11T18:10:02.952+00:00,4354.08,4354.64,4353.88,4354.57,25,0.11
2026-09-11T18:10:10.755+00:00,4354.54,4354.57,4354.13,4354.48,25,0.11
2026-09-11T18:10:18.949+00:00,4354.5,4354.87,4354.22,4354.85,25,0.11
2026-09-11T18:10:26.975+00:00,4354.82,4355.58,4354.64,4355.49,25,0.08
2026-09-11T18:10:34.512+00:00,4355.47,4355.69,4355.26,4355.65,25,0.09
2026-09-11T18:10:42.904+00:00,4355.69,4355.7,4355.05,4355.05,25,0.11
2026-09-11T18:10:50.873+00:00,4354.86,4356.15,4354.86,4355.96,25,0.1
2026-09-11T18:10:58.416+00:00,4356.05,4356.05,4355.51,4355.51,25,0.1
2026-09-11T18:11:08.442+00:00,4355.45,4355.64,4354.84,4354.95,25,0.09
2026-09-11T18:11:14.909+00:00,4355.07,4355.27,4354.99,4355.02,25,0.1
2026-09-11T18:11:23.558+00:00,4355.02,4355.16,4354.42,4354.75,25,0.08
2026-09-11T18:11:31.710+00:00,4354.78,4354.81,4354.1,4354.53,25,0.08
2026-09-11T18:11:39.917+00:00,4354.49,4355.03,4354.41,4354.87,25,0.11
2026-09-11T18:11:48.640+00:00,4354.9,4355.03,4354.38,4355.03,25,0.08
2026-09-11T18:11:56.721+00:00,4355.03,4355.03,4354.43,4354.71,25,0.08
2026-09-11T18:12:05.249+00:00,4354.49,4354.79,4353.59,4353.72,25,0.1
2026-09-11T18:12:12.475+00:00,4353.74,4354.17,4353.71,4354.04,25,0.09
2026-09-11T18:12:20.131+00:00,4353.97,4354.04,4353.39,4353.57,25,0.08
2026-09-11T18:12:26.408+00:00,4353.55,4354.79,4353.55,4354.79,25,0.09
2026-09-11T18:12:33.463+00:00,4354.82,4354.82,4353.64,4353.72,25,0.1
2026-09-11T18:12:41.100+00:00,4353.75,4353.75,4353.09,4353.1,25,0.11
2026-09-11T18:12:47.349+00:00,4353.05,4353.05,4352.45,4352.66,25,0.08
2026-09-11T18:12:55.018+00:00,4352.7,4353.06,4352.57,4352.79,25,0.09
2026-09-11T18:13:02.205+00:00,4352.79,4353.09,4352.38,4352.68,25,0.08
2026-09-11T18:13:08.973+00:00,4352.8,4352.87,4352.55,4352.83,25,0.08
2026-09-11T18:13:16.644+00:00,4352.79,4352.79,4352.22,4352.72,25,0.11
2026-09-11T18:13:23.496+00:00,4352.81,4352.84,4351.89,4351.94,25,0.1
2026-09-11T18:13:30.255+00:00,4352.01,4352.45,4352.01,4352.4,25,0.11
2026-09-11T18:13:38.172+00:00,4352.11,4352.13,4351.05,4351.74,25,0.09
2026-09-11T18:13:45.070+00:00,4352.02,4352.02,4350.39,4350.39,25,0.14
2026-09-11T18:13:54.720+00:00,4350.35,4351.23,4350.06,4350.06,25,0.09
2026-09-11T18:14:01.542+00:00,4350.07,4350.19,4348.27,4348.58,25,0.11
2026-09-11T18:14:09.186+00:00,4348.51,4349.22,4347.91,4349.22,25,0.14
2026-09-11T18:14:16.092+00:00,4349.31,4349.53,4347.33,4347.75,25,0.11
2026-09-11T18:14:21.948+00:00,4347.99,4348.51,4347.64,4348.3,25,0.12
2026-09-11T18:14:28.083+00:00,4348.25,4348.28,4345.86,4346.73,25,0.08
2026-09-11T18:14:34.682+00:00,4346.77,4347.07,4346.5,4347.06,25,0.08
2026-09-11T18:14:40.466+00:00,4347.13,4347.54,4346.84,4347.54,25,0.1
2026-09-11T18:14:46.400+00:00,4347.47,4347.53,4346.4,4346.89,25,0.08
2026-09-11T18:14:53.423+00:00,4346.87,4347.3,4346.81,4346.92,25,0.08
2026-09-11T18:15:01.038+00:00,4346.66,4346.88,4346.52,4346.83,25,0.08
2026-09-11T18:15:07.705+00:00,4346.26,4346.42,4344.93,4345.11,25,0.09
2026-09-11T18:15:14.183+00:00,4345.24,4345.83,4345.24,4345.59,25,0.08
2026-09-11T18:15:21.404+00:00,4345.64,4346.91,4345.61,4346.91,25,0.08
2026-09-11T18:15:27.974+00:00,4346.98,4348.03,4346.81,4348.03,25,0.08
2026-09-11T18:15:35.060+00:00,4348.02,4348.89,4348.0,4348.24,25,0.12
2026-09-11T18:15:41.837+00:00,4348.25,4348.5,4346.94,4347.12,25,0.08
2026-09-11T18:15:48.985+00:00,4347.11,4348.44,4347.11,4348.19,25,0.09
2026-09-11T18:15:55.644+00:00,4348.3,4348.97,4347.8,4347.81,25,0.11
2026-09-11T18:16:02.125+00:00,4347.82,4348.99,4347.82,4348.7,25,0.08
2026-09-11T18:16:08.061+00:00,4348.49,4349.02,4348.46,4348.82,25,0.1
2026-09-11T18:16:14.685+00:00,4348.88,4349.17,4348.71,4348.98,25,0.08
2026-09-11T18:16:21.890+00:00,4349.25,4349.86,4348.67,4348.67,25,0.1
2026-09-11T18:16:28.285+00:00,4348.87,4349.28,4348.86,4349.23,25,0.08
2026-09-11T18:16:35.616+00:00,4349.15,4349.15,4348.67,4349.0,25,0.11
2026-09-11T18:16:41.555+00:00,4348.9,4349.13,4348.85,4348.9,25,0.08
2026-09-11T18:16:48.455+00:00,4348.92,4349.38,4348.5,4349.32,25,0.08
2026-09-11T18:16:54.788+00:00,4349.31,4349.42,4348.95,4349.31,25,0.08
2026-09-11T18:17:02.576+00:00,4349.32,4349.74,4349.08,4349.73,25,0.08
2026-09-11T18:17:10.042+00:00,4349.76,4350.32,4349.15,4350.27,25,0.11
2026-09-11T18:17:18.083+00:00,4350.31,4350.59,4350.26,4350.58,25,0.09
2026-09-11T18:17:24.988+00:00,4350.55,4350.55,4349.99,4350.07,25,0.08
2026-09-11T18:17:33.258+00:00,4349.43,4350.15,4349.2,4349.88,25,0.11
2026-09-11T18:17:39.578+00:00,4349.94,4350.29,4349.46,4349.94,25,0.08
2026-09-11T18:17:47.711+00:00,4349.96,4350.64,4349.86,4350.44,25,0.08
2026-09-11T18:17:54.158+00:00,4350.32,4350.4,4349.8,4350.35,25,0.08
2026-09-11T18:18:03.558+00:00,4350.36,4350.49,4350.22,4350.41,25,0.08
2026-09-11T18:18:11.534+00:00,4350.3,4350.63,4350.1,4350.43,25,0.08
2026-09-11T18:18:20.187+00:00,4350.45,4350.51,4348.91,4349.14,25,0.08
2026-09-11T18:18:27.048+00:00,4349.12,4349.95,4348.88,4349.74,25,0.08
2026-09-11T18:18:33.868+00:00,4349.92,4350.35,4349.68,4350.35,25,0.08
2026-09-11T18:18:40.880+00:00,4350.33,4350.71,4349.65,4350.71,25,0.08
2026-09-11T18:18:48.421+00:00,4350.73,4351.41,4350.65,4350.97,25,0.11
2026-09-11T18:18:55.226+00:00,4351.06,4351.28,4350.69,4350.91,25,0.08
2026-09-11T18:19:05.548+00:00,4350.89,4351.51,4350.89,4351.49,25,0.08
2026-09-11T18:19:13.039+00:00,4351.32,4352.09,4351.22,4352.09,25,0.08
2026-09-11T18:19:20.519+00:00,4352.15,4352.21,4350.69,4351.05,25,0.08
2026-09-11T18:19:26.224+00:00,4351.06,4351.26,4350.83,4351.26,25,0.08
2026-09-11T18:19:37.168+00:00,4351.25,4351.5,4351.01,4351.19,25,0.08
2026-09-11T18:19:44.542+00:00,4351.18,4351.55,4350.71,4350.86,25,0.08
2026-09-11T18:19:52.984+00:00,4350.75,4351.48,4349.53,4349.86,25,0.08
2026-09-11T18:20:00.614+00:00,4349.65,4350.28,4349.61,4350.2,25,0.09
2026-09-11T18:20:06.619+00:00,4350.18,4350.23,4345.02,4346.55,25,0.08
2026-09-11T18:20:13.149+00:00,4346.89,4347.53,4345.44,4347.06,25,0.08
2026-09-11T18:20:19.021+00:00,4347.03,4347.38,4346.66,4347.13,25,0.13
2026-09-11T18:20:24.664+00:00,4347.02,4347.33,4346.18,4347.15,25,0.08
2026-09-11T18:20:30.367+00:00,4346.83,4348.15,4346.83,4347.97,25,0.11
2026-09-11T18:20:36.406+00:00,4347.94,4348.24,4347.42,4347.42,25,0.12
2026-09-11T18:20:42.232+00:00,4347.4,4348.4,4347.36,4348.35,25,0.1
2026-09-11T18:20:48.558+00:00,4348.5,4348.78,4345.84,4345.91,25,0.08
2026-09-11T18:20:54.579+00:00,4346.11,4347.31,4346.11,4346.72,25,0.1
2026-09-11T18:21:00.262+00:00,4346.73,4347.54,4346.51,4346.69,25,0.09
2026-09-11T18:21:06.161+00:00,4346.69,4347.88,4346.59,4346.94,25,0.11
2026-09-11T18:21:11.879+00:00,4346.68,4347.15,4346.37,4346.9,25,0.11
2026-09-11T18:21:18.410+00:00,4346.89,4347.07,4345.08,4345.54,25,0.08
2026-09-11T18:21:24.240+00:00,4345.59,4346.38,4344.14,4344.14,25,0.08
2026-09-11T18:21:30.005+00:00,4344.46,4345.62,4344.22,4345.62,25,0.08
2026-09-11T18:21:35.876+00:00,4345.56,4345.64,4344.62,4344.75,25,0.11
2026-09-11T18:21:42.096+00:00,4344.72,4345.6,4344.51,4345.6,25,0.09
2026-09-11T18:21:47.743+00:00,4345.69,4346.38,4345.58,4346.02,25,0.09
2026-09-11T18:21:53.407+00:00,4345.97,4346.13,4345.33,4345.49,25,0.1
2026-09-11T18:21:59.748+00:00,4345.22,4346.16,4344.98,4345.94,25,0.09
2026-09-11T18:22:05.532+00:00,4345.82,4346.02,4345.43,4345.51,25,0.11
2026-09-11T18:22:12.379+00:00,4345.55,4346.78,4345.55,4346.57,25,0.09
2026-09-11T18:22:20.723+00:00,4346.67,4346.83,4346.33,4346.59,25,0.08
2026-09-11T18:22:28.472+00:00,4346.57,4347.12,4346.55,4346.88,25,0.09
2026-09-11T18:22:35.026+00:00,4346.86,4348.36,4346.64,4348.36,25,0.09
2026-09-11T18:22:41.486+00:00,4348.35,4348.35,4347.64,4348.04,25,0.09
2026-09-11T18:22:47.716+00:00,4348.03,4349.2,4348.03,4348.9,25,0.11
2026-09-11T18:22:54.168+00:00,4348.91,4349.27,4348.37,4348.64,25,0.1
2026-09-11T18:23:00.845+00:00,4348.47,4348.69,4348.09,4348.67,25,0.09
2026-09-11T18:23:07.803+00:00,4348.69,4349.29,4348.42,4348.42,25,0.09
2026-09-11T18:23:14.153+00:00,4348.31,4348.68,4348.04,4348.19,25,0.09
2026-09-11T18:23:19.865+00:00,4348.3,4349.9,4348.08,4349.9,25,0.08
2026-09-11T18:23:26.033+00:00,4350.04,4350.25,4349.64,4349.87,25,0.11
2026-09-11T18:23:32.206+00:00,4349.89,4349.89,4349.08,4349.5,25,0.08
2026-09-11T18:23:38.755+00:00,4349.26,4349.8,4349.16,4349.48,25,0.09
2026-09-11T18:23:45.543+00:00,4349.52,4349.72,4348.07,4348.46,25,0.1
2026-09-11T18:23:52.824+00:00,4348.38,4348.38,4347.26,4347.75,25,0.11
2026-09-11T18:23:59.431+00:00,4347.93,4348.24,4347.51,4347.82,25,0.08
2026-09-11T18:24:05.716+00:00,4347.83,4348.3,4347.83,4347.83,25,0.1
2026-09-11T18:24:11.966+00:00,4347.77,4348.26,4347.77,4348.19,25,0.08
2026-09-11T18:24:19.521+00:00,4348.02,4348.28,4347.99,4348.26,25,0.08
2026-09-11T18:24:26.772+00:00,4348.25,4348.31,4347.52,4348.24,25,0.08
2026-09-11T18:24:34.381+00:00,4348.17,4349.12,4348.17,4349.09,25,0.08
2026-09-11T18:24:40.756+00:00,4349.1,4349.32,4348.8,4349.26,25,0.1
2026-09-11T18:24:47.641+00:00,4349.43,4349.56,4349.03,4349.35,25,0.08
2026-09-11T18:24:56.579+00:00,4349.34,4349.7,4348.91,4349.7,25,0.08
2026-09-11T18:25:03.860+00:00,4349.82,4350.76,4349.82,4350.49,25,0.08
2026-09-11T18:25:10.093+00:00,4350.44,4350.44,4349.79,4349.79,25,0.08
2026-09-11T18:25:17.600+00:00,4349.77,4349.93,4349.61,4349.93,25,0.08
2026-09-11T18:25:25.096+00:00,4349.96,4350.12,4349.59,4350.12,25,0.08
2026-09-11T18:25:34.142+00:00,4350.1,4350.46,4349.75,4350.46,25,0.08
2026-09-11T18:25:41.825+00:00,4350.62,4350.64,4350.02,4350.14,25,0.08
2026-09-11T18:25:49.308+00:00,4350.2,4350.47,4349.44,4350.15,25,0.08
2026-09-11T18:25:57.324+00:00,4350.12,4350.14,4349.56,4350.05,25,0.08
2026-09-11T18:26:04.275+00:00,4350.11,4350.13,4349.63,4349.7,25,0.08
2026-09-11T18:26:12.983+00:00,4349.61,4349.99,4349.22,4349.93,25,0.08
2026-09-11T18:26:19.365+00:00,4349.85,4350.65,4349.85,4350.59,25,0.08
2026-09-11T18:26:26.716+00:00,4350.58,4350.61,4349.97,4350.1,25,0.08
2026-09-11T18:26:34.641+00:00,4350.12,4350.43,4349.95,4350.12,25,0.08
2026-09-11T18:26:43.226+00:00,4350.1,4350.41,4349.62,4349.88,25,0.1
2026-09-11T18:26:50.121+00:00,4349.78,4349.94,4348.72,4348.72,25,0.08
2026-09-11T18:26:57.713+00:00,4348.74,4349.29,4348.54,4349.25,25,0.08
2026-09-11T18:27:03.710+00:00,4349.33,4349.92,4349.33,4349.92,25,0.1
2026-09-11T18:27:09.904+00:00,4349.93,4350.41,4349.6,4349.98,25,0.09
2026-09-11T18:27:15.861+00:00,4350.0,4350.66,4350.0,4350.2,25,0.08
2026-09-11T18:27:22.670+00:00,4350.25,4351.01,4350.25,4350.65,25,0.1
2026-09-11T18:27:29.834+00:00,4350.66,4350.66,4349.42,4349.98,25,0.08
2026-09-11T18:27:37.623+00:00,4350.01,4350.73,4349.86,4350.73,25,0.08
2026-09-11T18:27:43.906+00:00,4350.41,4350.41,4348.75,4349.7,25,0.08
2026-09-11T18:27:49.994+00:00,4349.91,4350.33,4349.43,4349.78,25,0.08
2026-09-11T18:27:55.862+00:00,4349.94,4350.16,4349.6,4349.6,25,0.09
2026-09-11T18:28:02.066+00:00,4349.7,4351.27,4349.7,4351.11,25,0.09
2026-09-11T18:28:07.713+00:00,4351.06,4351.26,4350.5,4350.93,25,0.11
2026-09-11T18:28:13.715+00:00,4350.9,4352.29,4350.89,4352.25,25,0.08
2026-09-11T18:28:20.065+00:00,4352.08,4352.18,4351.22,4351.22,25,0.1
2026-09-11T18:28:27.076+00:00,4351.17,4351.56,4351.07,4351.3,25,0.1
2026-09-11T18:28:33.236+00:00,4351.18,4351.21,4350.69,4351.06,25,0.09
2026-09-11T18:28:40.222+00:00,4351.05,4351.54,4350.79,4351.54,25,0.08
2026-09-11T18:28:47.166+00:00,4351.6,4351.93,4351.28,4351.92,25,0.09
2026-09-11T18:28:53.321+00:00,4352.25,4352.63,4352.25,4352.25,25,0.08
2026-09-11T18:28:59.886+00:00,4352.22,4353.13,4352.17,4352.62,25,0.1
2026-09-11T18:29:06.154+00:00,4352.67,4352.67,4352.13,4352.29,25,0.11
2026-09-11T18:29:12.845+00:00,4352.26,4352.58,4352.19,4352.33,25,0.08
2026-09-11T18:29:19.714+00:00,4352.3,4352.3,4351.61,4351.61,25,0.08
2026-09-11T18:29:26.130+00:00,4351.62,4351.75,4351.33,4351.58,25,0.09
2026-09-11T18:29:33.656+00:00,4351.58,4351.83,4350.95,4350.98,25,0.09
2026-09-11T18:29:40.381+00:00,4350.8,4350.8,4350.22,4350.37,25,0.12
2026-09-11T18:29:46.712+00:00,4350.39,4350.84,4350.39,4350.64,25,0.08
2026-09-11T18:29:53.955+00:00,4350.66,4350.69,4350.08,4350.68,25,0.1
2026-09-11T18:29:59.960+00:00,4350.81,4350.81,4350.44,4350.57,25,0.08
2026-09-11T18:30:06.826+00:00,4350.79,4351.42,4350.79,4351.12,25,0.08
2026-09-11T18:30:13.381+00:00,4351.1,4351.61,4351.07,4351.18,25,0.08
2026-09-11T18:30:23.531+00:00,4351.15,4351.15,4350.18,4350.26,25,0.08
2026-09-11T18:30:30.605+00:00,4350.35,4350.88,4350.04,4350.83,25,0.1
2026-09-11T18:30:37.589+00:00,4350.8,4350.95,4350.26,4350.41,25,0.09
2026-09-11T18:30:45.004+00:00,4350.55,4350.61,4349.51,4350.39,25,0.08
2026-09-11T18:30:51.300+00:00,4350.38,4350.38,4350.04,4350.04,25,0.09
2026-09-11T18:30:57.834+00:00,4350.05,4350.26,4349.41,4349.51,25,0.08
2026-09-11T18:31:04.385+00:00,4349.24,4349.73,4349.24,4349.56,25,0.1
2026-09-11T18:31:11.078+00:00,4349.57,4349.58,4348.79,4348.79,25,0.11
2026-09-11T18:31:18.087+00:00,4348.63,4349.07,4348.36,4348.52,25,0.08
2026-09-11T18:31:25.892+00:00,4348.17,4348.22,4347.09,4347.09,25,0.08
2026-09-11T18:31:33.869+00:00,4347.1,4347.36,4346.62,4347.12,25,0.08
2026-09-11T18:31:42.042+00:00,4347.15,4347.21,4346.71,4346.98,25,0.08
2026-09-11T18:31:48.723+00:00,4346.95,4347.02,4346.61,4346.61,25,0.08
2026-09-11T18:31:55.984+00:00,4346.76,4346.96,4345.96,4346.24,25,0.08
2026-09-11T18:32:02.433+00:00,4346.35,4346.87,4346.12,4346.87,25,0.09
2026-09-11T18:32:09.460+00:00,4346.79,4346.81,4345.86,4345.88,25,0.09
2026-09-11T18:32:16.816+00:00,4345.83,4346.26,4345.83,4346.26,25,0.08
2026-09-11T18:32:23.855+00:00,4346.33,4346.74,4346.0,4346.73,25,0.08
2026-09-11T18:32:30.432+00:00,4346.58,4346.72,4346.36,4346.53,25,0.08
2026-09-11T18:32:39.484+00:00,4346.66,4346.83,4346.5,4346.68,25,0.08
2026-09-11T18:32:49.783+00:00,4346.65,4347.19,4346.4,4346.7,25,0.08
2026-09-11T18:32:56.179+00:00,4346.67,4346.91,4346.11,4346.13,25,0.09
2026-09-11T18:33:03.385+00:00,4346.43,4346.48,4346.0,4346.48,25,0.08
2026-09-11T18:33:09.949+00:00,4346.72,4346.72,4346.39,4346.48,25,0.09
2026-09-11T18:33:17.373+00:00,4346.48,4347.42,4346.44,4347.33,25,0.09
2026-09-11T18:33:24.590+00:00,4347.34,4347.34,4346.68,4347.32,25,0.08
2026-09-11T18:33:31.674+00:00,4347.4,4347.4,4346.44,4347.03,25,0.08
2026-09-11T18:33:38.838+00:00,4347.03,4347.03,4346.23,4346.65,25,0.08
2026-09-11T18:33:45.767+00:00,4346.63,4347.2,4346.63,4346.86,25,0.09
2026-09-11T18:33:52.898+00:00,4346.89,4347.26,4346.81,4347.06,25,0.08
2026-09-11T18:34:00.193+00:00,4347.05,4347.29,4346.83,4347.02,25,0.09
2026-09-11T18:34:07.746+00:00,4346.82,4347.05,4346.47,4346.76,25,0.09
2026-09-11T18:34:14.919+00:00,4346.52,4347.37,4346.49,4347.1,25,0.08
2026-09-11T18:34:21.651+00:00,4347.15,4348.14,4346.97,4348.14,25,0.08
2026-09-11T18:34:28.089+00:00,4347.92,4347.93,4347.44,4347.44,25,0.09
2026-09-11T18:34:34.315+00:00,4347.42,4347.5,4346.66,4346.66,25,0.08
2026-09-11T18:34:43.020+00:00,4346.84,4347.14,4346.81,4346.93,25,0.08
2026-09-11T18:34:50.619+00:00,4346.86,4348.58,4346.84,4348.09,25,0.09
2026-09-11T18:34:57.917+00:00,4348.21,4348.34,4347.98,4348.18,25,0.08
2026-09-11T18:35:04.754+00:00,4348.21,4348.33,4347.64,4348.27,25,0.08
2026-09-11T18:35:13.489+00:00,4348.16,4348.25,4347.8,4348.1,25,0.08
2026-09-11T18:35:22.100+00:00,4348.19,4348.6,4347.83,4348.58,25,0.08
2026-09-11T18:35:29.682+00:00,4348.54,4348.57,4347.89,4348.09,25,0.08
2026-09-11T18:35:38.039+00:00,4347.95,4348.27,4347.75,4348.19,25,0.08
2026-09-11T18:35:44.678+00:00,4348.15,4348.16,4347.64,4347.65,25,0.08
2026-09-11T18:35:53.531+00:00,4347.49,4347.89,4347.19,4347.89,25,0.08
2026-09-11T18:36:00.161+00:00,4348.45,4349.02,4348.27,4348.76,25,0.08
2026-09-11T18:36:07.165+00:00,4348.77,4349.22,4348.73,4349.22,25,0.08
2026-09-11T18:36:15.033+00:00,4349.3,4349.68,4349.02,4349.17,25,0.09
2026-09-11T18:36:22.753+00:00,4349.18,4349.18,4348.45,4348.94,25,0.08
2026-09-11T18:36:30.666+00:00,4348.89,4349.24,4348.77,4349.22,25,0.08
2026-09-11T18:36:38.395+00:00,4349.23,4349.42,4349.02,4349.07,25,0.08
2026-09-11T18:36:46.815+00:00,4349.14,4349.17,4348.91,4349.17,25,0.08
2026-09-11T18:36:56.706+00:00,4349.2,4350.53,4349.2,4349.86,25,0.08
2026-09-11T18:37:04.216+00:00,4349.67,4350.07,4349.61,4349.61,25,0.12
2026-09-11T18:37:10.963+00:00,4349.87,4350.31,4349.47,4349.97,25,0.08
2026-09-11T18:37:18.639+00:00,4349.8,4350.26,4349.09,4349.09,25,0.08
2026-09-11T18:37:28.039+00:00,4349.15,4349.23,4348.35,4349.14,25,0.08
2026-09-11T18:37:35.547+00:00,4349.26,4349.41,4348.79,4348.91,25,0.09
2026-09-11T18:37:42.067+00:00,4348.96,4349.22,4348.28,4348.44,25,0.09
2026-09-11T18:37:48.491+00:00,4348.44,4348.67,4348.16,4348.28,25,0.08
2026-09-11T18:37:58.230+00:00,4348.3,4348.35,4347.72,4347.74,25,0.09
2026-09-11T18:38:06.545+00:00,4347.92,4348.6,4347.9,4348.05,25,0.1
2026-09-11T18:38:14.398+00:00,4348.3,4348.55,4348.03,4348.17,25,0.08
2026-09-11T18:38:21.588+00:00,4348.28,4348.51,4347.88,4348.49,25,0.08
2026-09-11T18:38:28.082+00:00,4348.35,4348.56,4347.99,4348.0,25,0.08
2026-09-11T18:38:34.827+00:00,4347.99,4348.02,4347.63,4347.63,25,0.1
2026-09-11T18:38:43.332+00:00,4347.82,4348.17,4347.72,4347.74,25,0.08
2026-09-11T18:38:49.497+00:00,4347.7,4348.18,4347.64,4347.94,25,0.08
2026-09-11T18:38:56.763+00:00,4347.93,4348.16,4347.77,4348.15,25,0.08
2026-09-11T18:39:04.396+00:00,4348.07,4348.57,4347.94,4348.57,25,0.08
2026-09-11T18:39:14.606+00:00,4348.4,4348.4,4347.45,4347.53,25,0.08
2026-09-11T18:39:21.689+00:00,4347.51,4347.74,4347.12,4347.12,25,0.08
2026-09-11T18:39:30.951+00:00,4347.13,4347.66,4347.13,4347.52,25,0.08
2026-09-11T18:39:39.653+00:00,4347.67,4347.77,4346.96,4346.96,25,0.08
2026-09-11T18:39:47.389+00:00,4347.01,4347.39,4346.94,4347.25,25,0.08
2026-09-11T18:39:54.440+00:00,4347.29,4347.29,4346.83,4346.91,25,0.08
2026-09-11T18:40:01.708+00:00,4347.0,4347.22,4346.81,4347.16,25,0.08
2026-09-11T18:40:08.806+00:00,4347.22,4347.23,4346.89,4347.03,25,0.08
2026-09-11T18:40:16.133+00:00,4347.07,4347.42,4346.87,4346.91,25,0.09
2026-09-11T18:40:25.128+00:00,4346.8,4347.63,4346.77,4347.63,25,0.08
2026-09-11T18:40:33.694+00:00,4347.68,4347.73,4347.32,4347.4,25,0.08
2026-09-11T18:40:43.300+00:00,4347.24,4347.87,4347.2,4347.51,25,0.08
2026-09-11T18:40:51.434+00:00,4347.49,4347.75,4347.32,4347.69,25,0.08
2026-09-11T18:40:59.935+00:00,4347.67,4347.75,4347.23,4347.53,25,0.08
2026-09-11T18:41:08.471+00:00,4347.49,4347.53,4347.17,4347.49,25,0.08
2026-09-11T18:41:16.745+00:00,4347.48,4347.81,4347.25,4347.54,25,0.08
2026-09-11T18:41:27.261+00:00,4347.52,4347.63,4347.15,4347.52,25,0.08
2026-09-11T18:41:35.037+00:00,4347.41,4347.6,4347.2,4347.56,25,0.08
2026-09-11T18:41:43.290+00:00,4347.53,4347.86,4347.41,4347.59,25,0.08
2026-09-11T18:41:53.679+00:00,4347.46,4347.8,4347.37,4347.46,25,0.08
2026-09-11T18:42:03.599+00:00,4347.48,4347.96,4347.46,4347.96,25,0.08
2026-09-11T18:42:13.224+00:00,4347.98,4348.67,4347.75,4347.9,25,0.08
2026-09-11T18:42:20.201+00:00,4347.92,4348.36,4347.85,4348.07,25,0.08
2026-09-11T18:42:28.653+00:00,4348.08,4348.2,4347.74,4348.09,25,0.08
2026-09-11T18:42:37.060+00:00,4347.93,4349.22,4347.84,4349.18,25,0.08
2026-09-11T18:42:44.396+00:00,4349.24,4349.28,4348.62,4348.8,25,0.08
2026-09-11T18:42:51.706+00:00,4348.81,4348.81,4348.15,4348.15,25,0.09
2026-09-11T18:43:01.640+00:00,4348.16,4348.84,4348.13,4348.65,25,0.08
2026-09-11T18:43:11.556+00:00,4348.77,4348.8,4347.92,4348.22,25,0.08
2026-09-11T18:43:19.281+00:00,4348.28,4348.37,4347.84,4348.25,25,0.08
2026-09-11T18:43:26.854+00:00,4348.27,4348.67,4347.98,4348.48,25,0.08
2026-09-11T18:43:33.518+00:00,4348.47,4349.07,4348.47,4348.71,25,0.09
2026-09-11T18:43:40.335+00:00,4348.66,4348.67,4348.33,4348.43,25,0.08
2026-09-11T18:43:48.974+00:00,4348.35,4348.65,4348.31,4348.56,25,0.08
2026-09-11T18:44:00.116+00:00,4348.58,4348.86,4348.45,4348.66,25,0.08
2026-09-11T18:44:07.306+00:00,4348.54,4348.66,4348.35,4348.52,25,0.08
2026-09-11T18:44:16.479+00:00,4348.6,4348.85,4348.34,4348.41,25,0.08
2026-09-11T18:44:25.211+00:00,4348.27,4348.94,4348.27,4348.92,25,0.08
2026-09-11T18:44:32.706+00:00,4348.88,4348.94,4348.52,4348.88,25,0.08
2026-09-11T18:44:41.612+00:00,4348.89,4348.93,4348.52,4348.56,25,0.08
2026-09-11T18:44:51.701+00:00,4348.52,4348.71,4347.63,4347.63,25,0.09
2026-09-11T18:44:58.219+00:00,4347.62,4347.62,4346.93,4347.46,25,0.08
2026-09-11T18:45:06.834+00:00,4347.42,4347.56,4346.47,4346.56,25,0.09
2026-09-11T18:45:13.548+00:00,4346.57,4347.12,4346.49,4346.54,25,0.08
2026-09-11T18:45:19.939+00:00,4346.53,4346.53,4346.02,4346.14,25,0.08
2026-09-11T18:45:27.119+00:00,4346.07,4346.56,4346.07,4346.56,25,0.1
2026-09-11T18:45:34.094+00:00,4346.57,4346.63,4346.0,4346.15,25,0.08
2026-09-11T18:45:41.437+00:00,4346.26,4346.32,4345.56,4345.62,25,0.09
2026-09-11T18:45:49.813+00:00,4345.77,4345.87,4345.18,4345.18,25,0.09
2026-09-11T18:45:57.900+00:00,4345.13,4345.48,4345.03,4345.07,25,0.08
2026-09-11T18:46:05.455+00:00,4345.06,4345.83,4345.03,4345.55,25,0.08
2026-09-11T18:46:11.626+00:00,4345.51,4346.51,4345.43,4346.36,25,0.08
2026-09-11T18:46:18.877+00:00,4346.35,4346.35,4345.95,4346.13,25,0.08
2026-09-11T18:46:26.945+00:00,4346.17,4346.32,4345.89,4346.32,25,0.08
2026-09-11T18:46:35.700+00:00,4346.22,4346.23,4345.63,4345.98,25,0.08
2026-09-11T18:46:46.673+00:00,4345.99,4346.11,4345.47,4345.65,25,0.08
2026-09-11T18:46:55.711+00:00,4345.64,4346.24,4345.46,4346.12,25,0.08
2026-09-11T18:47:04.681+00:00,4346.1,4346.1,4345.68,4346.05,25,0.08
2026-09-11T18:47:14.077+00:00,4346.04,4346.3,4345.86,4346.3,25,0.08
2026-09-11T18:47:21.124+00:00,4346.29,4346.56,4345.92,4346.11,25,0.08
2026-09-11T18:47:28.704+00:00,4346.14,4346.45,4346.09,4346.24,25,0.08
2026-09-11T18:47:38.073+00:00,4346.35,4346.67,4346.02,4346.02,25,0.08
2026-09-11T18:47:45.703+00:00,4346.0,4346.43,4345.66,4346.43,25,0.08
2026-09-11T18:47:52.805+00:00,4346.41,4346.61,4346.22,4346.35,25,0.08
2026-09-11T18:48:02.848+00:00,4346.42,4346.42,4345.25,4345.41,25,0.1
2026-09-11T18:48:09.821+00:00,4345.43,4345.46,4344.88,4344.9,25,0.08
2026-09-11T18:48:17.134+00:00,4344.89,4344.95,4344.32,4344.5,25,0.08
2026-09-11T18:48:25.143+00:00,4344.45,4344.83,4344.27,4344.41,25,0.1
2026-09-11T18:48:32.702+00:00,4344.57,4345.11,4344.4,4344.63,25,0.09
2026-09-11T18:48:39.633+00:00,4344.75,4345.12,4344.58,4344.81,25,0.1
2026-09-11T18:48:47.184+00:00,4344.79,4345.23,4344.6,4345.13,25,0.09
2026-09-11T18:48:56.500+00:00,4345.03,4345.06,4344.62,4344.69,25,0.1
2026-09-11T18:49:04.547+00:00,4344.91,4345.57,4344.89,4345.12,25,0.08
2026-09-11T18:49:13.316+00:00,4345.27,4345.54,4344.81,4345.52,25,0.08
2026-09-11T18:49:21.144+00:00,4345.49,4345.53,4344.92,4344.95,25,0.08
2026-09-11T18:49:30.859+00:00,4345.12,4345.41,4344.83,4345.14,25,0.1
2026-09-11T18:49:38.247+00:00,4345.17,4345.47,4344.96,4345.46,25,0.08
2026-09-11T18:49:46.148+00:00,4345.43,4345.55,4345.1,4345.31,25,0.08
2026-09-11T18:49:57.149+00:00,4345.33,4345.41,4344.83,4344.83,25,0.08
2026-09-11T18:50:06.702+00:00,4345.08,4345.09,4344.59,4344.9,25,0.08
2026-09-11T18:50:16.507+00:00,4344.83,4344.98,4344.54,4344.87,25,0.08
2026-09-11T18:50:24.701+00:00,4345.02,4345.66,4344.71,4345.18,25,0.08
2026-09-11T18:50:33.689+00:00,4345.15,4345.62,4345.15,4345.59,25,0.08
2026-09-11T18:50:44.170+00:00,4345.68,4345.97,4345.38,4345.9,25,0.08
2026-09-11T18:50:51.929+00:00,4345.88,4346.49,4345.88,4346.16,25,0.08
2026-09-11T18:50:59.955+00:00,4346.35,4346.63,4345.68,4346.63,25,0.09
2026-09-11T18:51:08.927+00:00,4346.59,4346.63,4346.0,4346.12,25,0.08
2026-09-11T18:51:16.578+00:00,4346.35,4346.56,4346.18,4346.43,25,0.08
2026-09-11T18:51:25.203+00:00,4346.45,4346.47,4345.5,4345.95,25,0.08
2026-09-11T18:51:33.483+00:00,4345.98,4346.11,4345.57,4346.09,25,0.08
2026-09-11T18:51:42.227+00:00,4346.11,4346.26,4345.8,4345.96,25,0.08
2026-09-11T18:51:51.791+00:00,4345.97,4346.62,4345.97,4346.62,25,0.08
2026-09-11T18:52:01.700+00:00,4346.61,4346.68,4345.5,4345.51,25,0.08
2026-09-11T18:52:09.949+00:00,4345.53,4345.67,4345.06,4345.06,25,0.08
2026-09-11T18:52:19.827+00:00,4345.0,4346.09,4344.97,4345.95,25,0.08
2026-09-11T18:52:28.989+00:00,4345.83,4346.21,4345.77,4346.2,25,0.08
2026-09-11T18:52:37.249+00:00,4346.14,4346.98,4346.14,4346.98,25,0.08
2026-09-11T18:52:46.143+00:00,4347.01,4347.03,4346.15,4346.39,25,0.1
2026-09-11T18:52:54.826+00:00,4346.39,4346.42,4345.59,4345.69,25,0.08
2026-09-11T18:53:01.899+00:00,4345.67,4345.67,4345.14,4345.14,25,0.08
2026-09-11T18:53:09.460+00:00,4345.16,4345.7,4345.01,4345.09,25,0.08
2026-09-11T18:53:16.519+00:00,4345.13,4345.23,4344.85,4345.06,25,0.08
2026-09-11T18:53:24.419+00:00,4345.2,4345.33,4344.95,4345.13,25,0.09
2026-09-11T18:53:36.745+00:00,4345.19,4345.55,4345.08,4345.35,25,0.08
2026-09-11T18:53:44.998+00:00,4345.13,4345.31,4344.92,4344.93,25,0.11
2026-09-11T18:53:52.263+00:00,4345.22,4345.37,4345.18,4345.36,25,0.08
2026-09-11T18:54:00.688+00:00,4345.38,4345.47,4345.14,4345.4,25,0.08
2026-09-11T18:54:09.255+00:00,4345.3,4345.36,4344.71,4344.83,25,0.08
2026-09-11T18:54:17.015+00:00,4344.77,4345.18,4344.73,4345.01,25,0.08
2026-09-11T18:54:26.084+00:00,4345.62,4345.62,4345.06,4345.36,25,0.08
2026-09-11T18:54:33.580+00:00,4345.34,4345.5,4345.03,4345.42,25,0.08
2026-09-11T18:54:41.199+00:00,4345.32,4345.42,4345.03,4345.07,25,0.08
2026-09-11T18:54:50.243+00:00,4345.09,4345.51,4345.06,4345.3,25,0.08
2026-09-11T18:54:59.321+00:00,4345.14,4345.33,4344.96,4345.33,25,0.09
2026-09-11T18:55:06.257+00:00,4345.32,4345.53,4345.06,4345.4,25,0.08
2026-09-11T18:55:14.956+00:00,4345.39,4345.48,4344.98,4345.4,25,0.08
2026-09-11T18:55:24.318+00:00,4345.12,4346.96,4345.12,4346.36,25,0.1
2026-09-11T18:55:31.871+00:00,4346.24,4346.71,4346.19,4346.34,25,0.09
2026-09-11T18:55:39.754+00:00,4346.33,4347.16,4346.3,4346.73,25,0.1
2026-09-11T18:55:47.589+00:00,4346.73,4346.73,4345.94,4346.29,25,0.08
2026-09-11T18:55:55.234+00:00,4346.18,4346.2,4345.61,4345.61,25,0.08
2026-09-11T18:56:02.691+00:00,4345.8,4346.01,4345.4,4345.42,25,0.1
2026-09-11T18:56:10.700+00:00,4345.47,4346.11,4345.36,4345.63,25,0.08
2026-09-11T18:56:19.574+00:00,4345.64,4346.28,4345.64,4346.27,25,0.09
2026-09-11T18:56:29.053+00:00,4346.29,4346.51,4345.95,4345.95,25,0.11
2026-09-11T18:56:36.233+00:00,4345.97,4346.78,4345.8,4346.65,25,0.1
2026-09-11T18:56:44.703+00:00,4346.44,4346.69,4346.22,4346.69,25,0.11
2026-09-11T18:56:51.413+00:00,4346.72,4346.94,4346.25,4346.37,25,0.08
2026-09-11T18:57:00.661+00:00,4346.55,4346.93,4346.31,4346.69,25,0.1
2026-09-11T18:57:07.460+00:00,4346.68,4346.75,4346.14,4346.15,25,0.09
2026-09-11T18:57:15.467+00:00,4346.32,4346.5,4346.14,4346.16,25,0.1
2026-09-11T18:57:23.437+00:00,4346.23,4346.71,4346.15,4346.71,25,0.1
2026-09-11T18:57:30.224+00:00,4346.72,4346.73,4346.1,4346.25,25,0.08
2026-09-11T18:57:38.541+00:00,4346.26,4346.59,4346.26,4346.34,25,0.08
2026-09-11T18:57:48.907+00:00,4346.1,4346.4,4346.06,4346.3,25,0.09
2026-09-11T18:57:58.997+00:00,4346.13,4346.56,4346.03,4346.53,25,0.08
2026-09-11T18:58:08.099+00:00,4346.56,4346.64,4346.37,4346.58,25,0.08
2026-09-11T18:58:16.339+00:00,4346.57,4346.72,4346.19,4346.4,25,0.08
2026-09-11T18:58:26.752+00:00,4346.36,4346.75,4346.36,4346.68,25,0.08
2026-09-11T18:58:37.297+00:00,4346.7,4346.72,4346.44,4346.52,25,0.09
2026-09-11T18:58:46.929+00:00,4346.72,4347.17,4346.66,4346.87,25,0.09
2026-09-11T18:58:56.764+00:00,4346.88,4347.24,4346.68,4347.11,25,0.09
2026-09-11T18:59:06.878+00:00,4347.1,4347.27,4346.82,4347.21,25,0.08
2026-09-11T18:59:15.571+00:00,4347.17,4347.17,4346.6,4346.78,25,0.09
2026-09-11T18:59:23.780+00:00,4346.81,4346.82,4346.56,4346.57,25,0.08
2026-09-11T18:59:32.259+00:00,4346.58,4346.91,4346.55,4346.72,25,0.08
2026-09-11T18:59:40.429+00:00,4346.69,4346.96,4346.64,4346.73,25,0.08
2026-09-11T18:59:49.274+00:00,4346.74,4346.91,4345.72,4346.9,25,0.1
2026-09-11T18:59:55.592+00:00,4346.88,4347.13,4346.74,4346.91,17,0.09
