ts_utc,symbol_id,symbol,side,price,size,entry_id,update,msg_seq
2026-09-02T14:50:53.411+00:00,1,EURUSD,bid,1.1593,,,snapshot,3
2026-09-02T14:50:53.411+00:00,1,EURUSD,ask,1.1593,,,snapshot,3
2026-09-02T14:50:53.843+00:00,1,EURUSD,bid,1.15932,,,snapshot,3
2026-09-02T14:50:53.843+00:00,1,EURUSD,ask,1.15932,,,snapshot,3
2026-09-02T14:50:54.239+00:00,1,EURUSD,bid,1.15931,,,snapshot,3
2026-09-02T14:50:54.239+00:00,1,EURUSD,ask,1.15931,,,snapshot,3
2026-09-02T14:50:54.642+00:00,1,EURUSD,bid,1.15933,,,snapshot,3
2026-09-02T14:50:54.642+00:00,1,EURUSD,ask,1.15933,,,snapshot,3
2026-09-02T14:50:54.843+00:00,1,EURUSD,bid,1.15934,,,snapshot,3
2026-09-02T14:50:54.843+00:00,1,EURUSD,ask,1.15934,,,snapshot,3
2026-09-02T14:50:55.046+00:00,1,EURUSD,bid,1.15933,,,snapshot,3
2026-09-02T14:50:55.046+00:00,1,EURUSD,ask,1.15933,,,snapshot,3
2026-09-02T14:50:55.248+00:00,1,EURUSD,bid,1.15934,,,snapshot,3
2026-09-02T14:50:55.248+00:00,1,EURUSD,ask,1.15934,,,snapshot,3
2026-09-02T14:50:56.653+00:00,1,EURUSD,bid,1.15936,,,snapshot,3
2026-09-02T14:50:56.653+00:00,1,EURUSD,ask,1.15936,,,snapshot,3
2026-09-02T14:50:57.051+00:00,1,EURUSD,bid,1.15935,,,snapshot,3
2026-09-02T14:50:57.051+00:00,1,EURUSD,ask,1.15938,,,snapshot,3
2026-09-02T14:50:57.253+00:00,1,EURUSD,bid,1.15935,,,snapshot,3
2026-09-02T14:50:57.253+00:00,1,EURUSD,ask,1.15937,,,snapshot,3
2026-09-02T14:50:57.653+00:00,1,EURUSD,bid,1.15935,,,snapshot,3
2026-09-02T14:50:57.653+00:00,1,EURUSD,ask,1.15936,,,snapshot,3
2026-09-02T14:50:58.055+00:00,1,EURUSD,bid,1.15935,,,snapshot,3
2026-09-02T14:50:58.055+00:00,1,EURUSD,ask,1.15935,,,snapshot,3
2026-09-02T14:50:58.657+00:00,1,EURUSD,bid,1.15933,,,snapshot,3
2026-09-02T14:50:58.657+00:00,1,EURUSD,ask,1.15933,,,snapshot,3
2026-09-02T14:50:58.861+00:00,1,EURUSD,bid,1.15932,,,snapshot,3
2026-09-02T14:50:58.861+00:00,1,EURUSD,ask,1.15932,,,snapshot,3
2026-09-02T14:50:59.057+00:00,1,EURUSD,bid,1.15934,,,snapshot,3
2026-09-02T14:50:59.058+00:00,1,EURUSD,ask,1.15934,,,snapshot,3
2026-09-02T14:50:59.658+00:00,1,EURUSD,bid,1.15932,,,snapshot,3
2026-09-02T14:50:59.658+00:00,1,EURUSD,ask,1.15932,,,snapshot,3
2026-09-02T14:50:59.860+00:00,1,EURUSD,bid,1.15933,,,snapshot,3
2026-09-02T14:50:59.860+00:00,1,EURUSD,ask,1.15933,,,snapshot,3
2026-09-02T14:51:00.357+00:00,1,EURUSD,bid,1.15932,,,snapshot,3
2026-09-02T14:51:00.357+00:00,1,EURUSD,ask,1.15932,,,snapshot,3
2026-09-02T14:51:01.444+00:00,1,EURUSD,bid,1.15933,,,snapshot,3
2026-09-02T14:51:01.444+00:00,1,EURUSD,ask,1.15933,,,snapshot,3
2026-09-02T14:51:01.642+00:00,1,EURUSD,bid,1.15932,,,snapshot,3
2026-09-02T14:51:01.642+00:00,1,EURUSD,ask,1.15932,,,snapshot,3
2026-09-02T14:51:01.843+00:00,1,EURUSD,bid,1.15933,,,snapshot,3
2026-09-02T14:51:01.843+00:00,1,EURUSD,ask,1.15933,,,snapshot,3
2026-09-02T14:51:02.992+00:00,1,EURUSD,bid,1.15932,,,snapshot,3
2026-09-02T14:51:02.992+00:00,1,EURUSD,ask,1.15932,,,snapshot,3
2026-09-02T14:51:03.178+00:00,1,EURUSD,bid,1.15933,,,snapshot,3
2026-09-02T14:51:03.178+00:00,1,EURUSD,ask,1.15933,,,snapshot,3
2026-09-02T14:51:05.417+00:00,1,EURUSD,bid,1.15932,,,snapshot,3
2026-09-02T14:51:05.417+00:00,1,EURUSD,ask,1.15932,,,snapshot,3
2026-09-02T14:51:06.019+00:00,1,EURUSD,bid,1.1593,,,snapshot,3
2026-09-02T14:51:06.019+00:00,1,EURUSD,ask,1.1593,,,snapshot,3
2026-09-02T14:51:06.221+00:00,1,EURUSD,bid,1.15928,,,snapshot,3
2026-09-02T14:51:06.221+00:00,1,EURUSD,ask,1.15928,,,snapshot,3
2026-09-02T14:51:06.825+00:00,1,EURUSD,bid,1.15925,,,snapshot,3
2026-09-02T14:51:06.825+00:00,1,EURUSD,ask,1.15925,,,snapshot,3
2026-09-02T14:51:07.022+00:00,1,EURUSD,bid,1.15924,,,snapshot,3
2026-09-02T14:51:07.022+00:00,1,EURUSD,ask,1.15927,,,snapshot,3
2026-09-02T14:51:08.532+00:00,1,EURUSD,bid,1.15928,,,snapshot,3
2026-09-02T14:51:08.532+00:00,1,EURUSD,ask,1.15928,,,snapshot,3
2026-09-02T14:51:08.739+00:00,1,EURUSD,bid,1.15927,,,snapshot,3
2026-09-02T14:51:08.739+00:00,1,EURUSD,ask,1.15927,,,snapshot,3
2026-09-02T14:51:09.335+00:00,1,EURUSD,bid,1.15929,,,snapshot,3
2026-09-02T14:51:09.335+00:00,1,EURUSD,ask,1.15929,,,snapshot,3
2026-09-02T14:51:09.540+00:00,1,EURUSD,bid,1.15924,,,snapshot,3
2026-09-02T14:51:09.540+00:00,1,EURUSD,ask,1.15925,,,snapshot,3
2026-09-02T14:51:09.743+00:00,1,EURUSD,bid,1.15924,,,snapshot,3
2026-09-02T14:51:09.743+00:00,1,EURUSD,ask,1.15924,,,snapshot,3
2026-09-02T14:51:09.944+00:00,1,EURUSD,bid,1.15925,,,snapshot,3
2026-09-02T14:51:09.944+00:00,1,EURUSD,ask,1.15925,,,snapshot,3
2026-09-02T14:51:10.736+00:00,1,EURUSD,bid,1.15922,,,snapshot,3
2026-09-02T14:51:10.736+00:00,1,EURUSD,ask,1.15925,,,snapshot,3
2026-09-02T14:51:10.942+00:00,1,EURUSD,bid,1.15921,,,snapshot,3
2026-09-02T14:51:10.942+00:00,1,EURUSD,ask,1.15924,,,snapshot,3
2026-09-02T14:51:11.136+00:00,1,EURUSD,bid,1.15923,,,snapshot,3
2026-09-02T14:51:11.136+00:00,1,EURUSD,ask,1.15925,,,snapshot,3
2026-09-02T14:51:11.544+00:00,1,EURUSD,bid,1.15926,,,snapshot,3
2026-09-02T14:51:11.544+00:00,1,EURUSD,ask,1.15926,,,snapshot,3
2026-09-02T14:51:11.937+00:00,1,EURUSD,bid,1.15925,,,snapshot,3
2026-09-02T14:51:11.937+00:00,1,EURUSD,ask,1.15926,,,snapshot,3
2026-09-02T14:51:12.145+00:00,1,EURUSD,bid,1.15926,,,snapshot,3
2026-09-02T14:51:12.145+00:00,1,EURUSD,ask,1.15926,,,snapshot,3
2026-09-02T14:51:13.632+00:00,1,EURUSD,bid,1.15927,,,snapshot,3
2026-09-02T14:51:13.632+00:00,1,EURUSD,ask,1.15927,,,snapshot,3
2026-09-02T14:51:14.633+00:00,1,EURUSD,bid,1.15925,,,snapshot,3
2026-09-02T14:51:14.633+00:00,1,EURUSD,ask,1.15925,,,snapshot,3
2026-09-02T14:51:15.377+00:00,1,EURUSD,bid,1.15922,,,snapshot,3
2026-09-02T14:51:15.377+00:00,1,EURUSD,ask,1.15925,,,snapshot,3
2026-09-02T14:51:15.578+00:00,1,EURUSD,bid,1.15924,,,snapshot,3
2026-09-02T14:51:15.578+00:00,1,EURUSD,ask,1.15927,,,snapshot,3
2026-09-02T14:51:15.979+00:00,1,EURUSD,bid,1.15926,,,snapshot,3
2026-09-02T14:51:15.979+00:00,1,EURUSD,ask,1.15927,,,snapshot,3
2026-09-02T14:51:16.177+00:00,1,EURUSD,bid,1.15925,,,snapshot,3
2026-09-02T14:51:16.177+00:00,1,EURUSD,ask,1.15926,,,snapshot,3
2026-09-02T14:51:16.378+00:00,1,EURUSD,bid,1.15924,,,snapshot,3
2026-09-02T14:51:16.378+00:00,1,EURUSD,ask,1.15924,,,snapshot,3
2026-09-02T14:51:16.575+00:00,1,EURUSD,bid,1.15925,,,snapshot,3
2026-09-02T14:51:16.575+00:00,1,EURUSD,ask,1.15925,,,snapshot,3
2026-09-02T14:51:18.071+00:00,1,EURUSD,bid,1.15925,,,snapshot,3
2026-09-02T14:51:18.071+00:00,1,EURUSD,ask,1.15928,,,snapshot,3
2026-09-02T14:51:18.925+00:00,1,EURUSD,bid,1.15924,,,snapshot,3
2026-09-02T14:51:18.925+00:00,1,EURUSD,ask,1.15927,,,snapshot,3
2026-09-02T14:51:19.128+00:00,1,EURUSD,bid,1.15925,,,snapshot,4
2026-09-02T14:51:19.128+00:00,1,EURUSD,ask,1.15928,,,snapshot,4
2026-09-02T14:51:19.327+00:00,1,EURUSD,bid,1.15917,,,snapshot,4
2026-09-02T14:51:19.327+00:00,1,EURUSD,ask,1.15919,,,snapshot,4
2026-09-02T14:51:19.528+00:00,1,EURUSD,bid,1.15916,,,snapshot,4
2026-09-02T14:51:19.528+00:00,1,EURUSD,ask,1.15918,,,snapshot,4
2026-09-02T14:51:19.727+00:00,1,EURUSD,bid,1.15916,,,snapshot,4
2026-09-02T14:51:19.727+00:00,1,EURUSD,ask,1.15919,,,snapshot,4
2026-09-02T14:51:19.927+00:00,1,EURUSD,bid,1.15916,,,snapshot,4
2026-09-02T14:51:19.927+00:00,1,EURUSD,ask,1.15916,,,snapshot,4
2026-09-02T14:51:20.329+00:00,1,EURUSD,bid,1.15917,,,snapshot,4
2026-09-02T14:51:20.329+00:00,1,EURUSD,ask,1.15917,,,snapshot,4
2026-09-02T14:51:20.528+00:00,1,EURUSD,bid,1.15919,,,snapshot,4
2026-09-02T14:51:20.528+00:00,1,EURUSD,ask,1.15919,,,snapshot,4
2026-09-02T14:51:20.729+00:00,1,EURUSD,bid,1.15918,,,snapshot,4
2026-09-02T14:51:20.729+00:00,1,EURUSD,ask,1.15918,,,snapshot,4
2026-09-02T14:51:20.932+00:00,1,EURUSD,bid,1.15917,,,snapshot,4
2026-09-02T14:51:20.932+00:00,1,EURUSD,ask,1.15917,,,snapshot,4
2026-09-02T14:51:21.945+00:00,1,EURUSD,bid,1.15915,,,snapshot,4
2026-09-02T14:51:21.945+00:00,1,EURUSD,ask,1.15915,,,snapshot,4
2026-09-02T14:51:22.333+00:00,1,EURUSD,bid,1.15913,,,snapshot,4
2026-09-02T14:51:22.333+00:00,1,EURUSD,ask,1.15915,,,snapshot,4
2026-09-02T14:51:22.533+00:00,1,EURUSD,bid,1.15913,,,snapshot,4
2026-09-02T14:51:22.533+00:00,1,EURUSD,ask,1.15914,,,snapshot,4
2026-09-02T14:51:22.731+00:00,1,EURUSD,bid,1.15913,,,snapshot,4
2026-09-02T14:51:22.731+00:00,1,EURUSD,ask,1.15913,,,snapshot,4
2026-09-02T14:51:23.333+00:00,1,EURUSD,bid,1.15915,,,snapshot,4
2026-09-02T14:51:23.333+00:00,1,EURUSD,ask,1.15915,,,snapshot,4
